[
  {
    "dice": [
      {
        "Item1": 91,
        "Item2": 35
      },
      {
        "Item1": 12,
        "Item2": 92
      },
      {
        "Item1": 33,
        "Item2": 71
      },
      {
        "Item1": 90,
        "Item2": 33
      },
      {
        "Item1": 19,
        "Item2": 62
      },
      {
        "Item1": 27,
        "Item2": 80
      },
      {
        "Item1": 81,
        "Item2": 29
      },
      {
        "Item1": 8,
        "Item2": 57
      },
      {
        "Item1": 94,
        "Item2": 78
      },
      {
        "Item1": 39,
        "Item2": 94
      },
      {
        "Item1": 68,
        "Item2": 100
      },
      {
        "Item1": 44,
        "Item2": 27
      },
      {
        "Item1": 15,
        "Item2": 61
      },
      {
        "Item1": 53,
        "Item2": 80
      },
      {
        "Item1": 29,
        "Item2": 69
      }
    ],
    "answer": 21295
  },
  {
    "dice": [
      {
        "Item1": 34,
        "Item2": 96
      },
      {
        "Item1": 66,
        "Item2": 56
      },
      {
        "Item1": 70,
        "Item2": 84
      },
      {
        "Item1": 94,
        "Item2": 88
      },
      {
        "Item1": 51,
        "Item2": 97
      },
      {
        "Item1": 69,
        "Item2": 32
      },
      {
        "Item1": 40,
        "Item2": 17
      }
    ],
    "answer": 14685.5
  },
  {
    "dice": [
      {
        "Item1": 3,
        "Item2": 21
      },
      {
        "Item1": 77,
        "Item2": 4
      },
      {
        "Item1": 10,
        "Item2": 17
      },
      {
        "Item1": 52,
        "Item2": 61
      },
      {
        "Item1": 70,
        "Item2": 36
      },
      {
        "Item1": 60,
        "Item2": 66
      },
      {
        "Item1": 73,
        "Item2": 26
      },
      {
        "Item1": 26,
        "Item2": 29
      },
      {
        "Item1": 9,
        "Item2": 3
      },
      {
        "Item1": 4,
        "Item2": 50
      }
    ],
    "answer": 6728
  },
  {
    "dice": [
      {
        "Item1": 72,
        "Item2": 72
      },
      {
        "Item1": 68,
        "Item2": 85
      },
      {
        "Item1": 66,
        "Item2": 83
      }
    ],
    "answer": 8324
  },
  {
    "dice": [
      {
        "Item1": 93,
        "Item2": 54
      },
      {
        "Item1": 39,
        "Item2": 59
      },
      {
        "Item1": 99,
        "Item2": 89
      },
      {
        "Item1": 10,
        "Item2": 82
      },
      {
        "Item1": 95,
        "Item2": 12
      },
      {
        "Item1": 96,
        "Item2": 94
      },
      {
        "Item1": 45,
        "Item2": 30
      },
      {
        "Item1": 89,
        "Item2": 30
      },
      {
        "Item1": 6,
        "Item2": 58
      },
      {
        "Item1": 62,
        "Item2": 38
      },
      {
        "Item1": 20,
        "Item2": 68
      },
      {
        "Item1": 42,
        "Item2": 46
      },
      {
        "Item1": 41,
        "Item2": 43
      },
      {
        "Item1": 2,
        "Item2": 51
      },
      {
        "Item1": 28,
        "Item2": 85
      }
    ],
    "answer": 21073
  },
  {
    "dice": [
      {
        "Item1": 76,
        "Item2": 43
      },
      {
        "Item1": 91,
        "Item2": 8
      },
      {
        "Item1": 60,
        "Item2": 33
      },
      {
        "Item1": 41,
        "Item2": 95
      },
      {
        "Item1": 35,
        "Item2": 49
      },
      {
        "Item1": 65,
        "Item2": 33
      }
    ],
    "answer": 7049.5
  },
  {
    "dice": [
      {
        "Item1": 14,
        "Item2": 68
      },
      {
        "Item1": 93,
        "Item2": 47
      },
      {
        "Item1": 52,
        "Item2": 34
      },
      {
        "Item1": 80,
        "Item2": 27
      },
      {
        "Item1": 80,
        "Item2": 37
      },
      {
        "Item1": 71,
        "Item2": 34
      },
      {
        "Item1": 51,
        "Item2": 21
      },
      {
        "Item1": 79,
        "Item2": 31
      },
      {
        "Item1": 71,
        "Item2": 68
      },
      {
        "Item1": 6,
        "Item2": 49
      },
      {
        "Item1": 9,
        "Item2": 57
      },
      {
        "Item1": 80,
        "Item2": 67
      },
      {
        "Item1": 20,
        "Item2": 24
      },
      {
        "Item1": 76,
        "Item2": 70
      },
      {
        "Item1": 67,
        "Item2": 1
      },
      {
        "Item1": 9,
        "Item2": 9
      }
    ],
    "answer": 17973
  },
  {
    "dice": [
      {
        "Item1": 91,
        "Item2": 5
      },
      {
        "Item1": 68,
        "Item2": 100
      },
      {
        "Item1": 57,
        "Item2": 40
      },
      {
        "Item1": 85,
        "Item2": 63
      },
      {
        "Item1": 16,
        "Item2": 87
      },
      {
        "Item1": 45,
        "Item2": 6
      },
      {
        "Item1": 39,
        "Item2": 3
      }
    ],
    "answer": 8535
  },
  {
    "dice": [
      {
        "Item1": 47,
        "Item2": 38
      },
      {
        "Item1": 68,
        "Item2": 48
      },
      {
        "Item1": 65,
        "Item2": 16
      }
    ],
    "answer": 3135
  },
  {
    "dice": [
      {
        "Item1": 97,
        "Item2": 47
      },
      {
        "Item1": 6,
        "Item2": 10
      },
      {
        "Item1": 41,
        "Item2": 89
      },
      {
        "Item1": 89,
        "Item2": 14
      },
      {
        "Item1": 70,
        "Item2": 42
      },
      {
        "Item1": 2,
        "Item2": 73
      },
      {
        "Item1": 42,
        "Item2": 92
      },
      {
        "Item1": 10,
        "Item2": 65
      },
      {
        "Item1": 4,
        "Item2": 58
      },
      {
        "Item1": 56,
        "Item2": 58
      },
      {
        "Item1": 79,
        "Item2": 69
      },
      {
        "Item1": 3,
        "Item2": 9
      },
      {
        "Item1": 61,
        "Item2": 100
      },
      {
        "Item1": 45,
        "Item2": 11
      },
      {
        "Item1": 14,
        "Item2": 32
      },
      {
        "Item1": 49,
        "Item2": 78
      }
    ],
    "answer": 18802.5
  },
  {
    "dice": [
      {
        "Item1": 71,
        "Item2": 37
      },
      {
        "Item1": 8,
        "Item2": 17
      },
      {
        "Item1": 49,
        "Item2": 61
      },
      {
        "Item1": 68,
        "Item2": 65
      },
      {
        "Item1": 61,
        "Item2": 1
      },
      {
        "Item1": 25,
        "Item2": 80
      },
      {
        "Item1": 7,
        "Item2": 14
      },
      {
        "Item1": 62,
        "Item2": 73
      },
      {
        "Item1": 14,
        "Item2": 19
      },
      {
        "Item1": 65,
        "Item2": 68
      },
      {
        "Item1": 9,
        "Item2": 4
      },
      {
        "Item1": 37,
        "Item2": 72
      },
      {
        "Item1": 82,
        "Item2": 18
      },
      {
        "Item1": 14,
        "Item2": 45
      },
      {
        "Item1": 82,
        "Item2": 43
      },
      {
        "Item1": 59,
        "Item2": 25
      }
    ],
    "answer": 16031.5
  },
  {
    "dice": [
      {
        "Item1": 22,
        "Item2": 82
      },
      {
        "Item1": 53,
        "Item2": 58
      },
      {
        "Item1": 59,
        "Item2": 76
      },
      {
        "Item1": 76,
        "Item2": 80
      },
      {
        "Item1": 70,
        "Item2": 86
      },
      {
        "Item1": 34,
        "Item2": 31
      },
      {
        "Item1": 74,
        "Item2": 28
      },
      {
        "Item1": 80,
        "Item2": 54
      },
      {
        "Item1": 45,
        "Item2": 35
      },
      {
        "Item1": 9,
        "Item2": 58
      }
    ],
    "answer": 15763.5
  },
  {
    "dice": [
      {
        "Item1": 66,
        "Item2": 70
      }
    ],
    "answer": 2343
  },
  {
    "dice": [
      {
        "Item1": 57,
        "Item2": 92
      },
      {
        "Item1": 27,
        "Item2": 10
      },
      {
        "Item1": 20,
        "Item2": 68
      },
      {
        "Item1": 98,
        "Item2": 29
      },
      {
        "Item1": 52,
        "Item2": 69
      },
      {
        "Item1": 1,
        "Item2": 29
      }
    ],
    "answer": 6794
  },
  {
    "dice": [
      {
        "Item1": 46,
        "Item2": 16
      },
      {
        "Item1": 17,
        "Item2": 75
      },
      {
        "Item1": 97,
        "Item2": 79
      },
      {
        "Item1": 63,
        "Item2": 20
      },
      {
        "Item1": 82,
        "Item2": 20
      },
      {
        "Item1": 77,
        "Item2": 99
      },
      {
        "Item1": 76,
        "Item2": 28
      },
      {
        "Item1": 19,
        "Item2": 34
      },
      {
        "Item1": 24,
        "Item2": 14
      },
      {
        "Item1": 7,
        "Item2": 84
      },
      {
        "Item1": 35,
        "Item2": 49
      },
      {
        "Item1": 68,
        "Item2": 84
      },
      {
        "Item1": 62,
        "Item2": 59
      }
    ],
    "answer": 17826.5
  },
  {
    "dice": [
      {
        "Item1": 18,
        "Item2": 4
      },
      {
        "Item1": 1,
        "Item2": 70
      },
      {
        "Item1": 5,
        "Item2": 56
      },
      {
        "Item1": 1,
        "Item2": 36
      },
      {
        "Item1": 79,
        "Item2": 3
      }
    ],
    "answer": 399.5
  },
  {
    "dice": [
      {
        "Item1": 50,
        "Item2": 87
      },
      {
        "Item1": 57,
        "Item2": 12
      },
      {
        "Item1": 45,
        "Item2": 100
      },
      {
        "Item1": 59,
        "Item2": 10
      },
      {
        "Item1": 88,
        "Item2": 84
      },
      {
        "Item1": 39,
        "Item2": 60
      },
      {
        "Item1": 15,
        "Item2": 98
      },
      {
        "Item1": 18,
        "Item2": 45
      },
      {
        "Item1": 50,
        "Item2": 21
      },
      {
        "Item1": 88,
        "Item2": 95
      },
      {
        "Item1": 22,
        "Item2": 24
      },
      {
        "Item1": 11,
        "Item2": 60
      },
      {
        "Item1": 6,
        "Item2": 73
      },
      {
        "Item1": 74,
        "Item2": 49
      },
      {
        "Item1": 9,
        "Item2": 81
      },
      {
        "Item1": 39,
        "Item2": 47
      },
      {
        "Item1": 91,
        "Item2": 50
      }
    ],
    "answer": 22335.5
  },
  {
    "dice": [
      {
        "Item1": 57,
        "Item2": 76
      },
      {
        "Item1": 14,
        "Item2": 9
      },
      {
        "Item1": 78,
        "Item2": 69
      },
      {
        "Item1": 50,
        "Item2": 84
      },
      {
        "Item1": 93,
        "Item2": 24
      },
      {
        "Item1": 55,
        "Item2": 14
      },
      {
        "Item1": 44,
        "Item2": 19
      },
      {
        "Item1": 57,
        "Item2": 5
      },
      {
        "Item1": 4,
        "Item2": 82
      },
      {
        "Item1": 16,
        "Item2": 58
      },
      {
        "Item1": 100,
        "Item2": 35
      },
      {
        "Item1": 59,
        "Item2": 80
      },
      {
        "Item1": 9,
        "Item2": 66
      },
      {
        "Item1": 26,
        "Item2": 61
      },
      {
        "Item1": 38,
        "Item2": 57
      },
      {
        "Item1": 68,
        "Item2": 8
      },
      {
        "Item1": 76,
        "Item2": 84
      }
    ],
    "answer": 19878.5
  },
  {
    "dice": [
      {
        "Item1": 79,
        "Item2": 82
      },
      {
        "Item1": 70,
        "Item2": 15
      },
      {
        "Item1": 29,
        "Item2": 56
      },
      {
        "Item1": 77,
        "Item2": 31
      },
      {
        "Item1": 86,
        "Item2": 30
      },
      {
        "Item1": 35,
        "Item2": 89
      },
      {
        "Item1": 51,
        "Item2": 66
      },
      {
        "Item1": 90,
        "Item2": 85
      },
      {
        "Item1": 79,
        "Item2": 92
      }
    ],
    "answer": 18057
  },
  {
    "dice": [
      {
        "Item1": 12,
        "Item2": 24
      },
      {
        "Item1": 95,
        "Item2": 71
      },
      {
        "Item1": 56,
        "Item2": 41
      },
      {
        "Item1": 81,
        "Item2": 8
      },
      {
        "Item1": 90,
        "Item2": 49
      },
      {
        "Item1": 81,
        "Item2": 74
      },
      {
        "Item1": 99,
        "Item2": 63
      },
      {
        "Item1": 99,
        "Item2": 5
      },
      {
        "Item1": 89,
        "Item2": 1
      },
      {
        "Item1": 14,
        "Item2": 13
      },
      {
        "Item1": 27,
        "Item2": 53
      },
      {
        "Item1": 42,
        "Item2": 26
      },
      {
        "Item1": 100,
        "Item2": 36
      },
      {
        "Item1": 95,
        "Item2": 44
      },
      {
        "Item1": 40,
        "Item2": 48
      },
      {
        "Item1": 26,
        "Item2": 4
      },
      {
        "Item1": 16,
        "Item2": 33
      },
      {
        "Item1": 66,
        "Item2": 14
      },
      {
        "Item1": 48,
        "Item2": 39
      },
      {
        "Item1": 97,
        "Item2": 73
      }
    ],
    "answer": 25694.5
  },
  {
    "dice": [
      {
        "Item1": 70,
        "Item2": 44
      },
      {
        "Item1": 92,
        "Item2": 97
      },
      {
        "Item1": 85,
        "Item2": 14
      },
      {
        "Item1": 23,
        "Item2": 44
      },
      {
        "Item1": 7,
        "Item2": 79
      },
      {
        "Item1": 49,
        "Item2": 77
      },
      {
        "Item1": 95,
        "Item2": 72
      },
      {
        "Item1": 2,
        "Item2": 35
      },
      {
        "Item1": 79,
        "Item2": 79
      },
      {
        "Item1": 67,
        "Item2": 69
      }
    ],
    "answer": 18437.5
  },
  {
    "dice": [
      {
        "Item1": 98,
        "Item2": 26
      },
      {
        "Item1": 63,
        "Item2": 77
      },
      {
        "Item1": 94,
        "Item2": 19
      },
      {
        "Item1": 100,
        "Item2": 34
      },
      {
        "Item1": 33,
        "Item2": 93
      },
      {
        "Item1": 13,
        "Item2": 93
      },
      {
        "Item1": 78,
        "Item2": 16
      },
      {
        "Item1": 50,
        "Item2": 19
      },
      {
        "Item1": 69,
        "Item2": 7
      }
    ],
    "answer": 10071
  },
  {
    "dice": [
      {
        "Item1": 20,
        "Item2": 84
      },
      {
        "Item1": 30,
        "Item2": 71
      },
      {
        "Item1": 7,
        "Item2": 60
      },
      {
        "Item1": 80,
        "Item2": 22
      },
      {
        "Item1": 24,
        "Item2": 56
      },
      {
        "Item1": 16,
        "Item2": 26
      },
      {
        "Item1": 26,
        "Item2": 93
      },
      {
        "Item1": 55,
        "Item2": 56
      },
      {
        "Item1": 6,
        "Item2": 47
      },
      {
        "Item1": 68,
        "Item2": 1
      },
      {
        "Item1": 98,
        "Item2": 54
      },
      {
        "Item1": 68,
        "Item2": 9
      }
    ],
    "answer": 10000
  },
  {
    "dice": [
      {
        "Item1": 36,
        "Item2": 6
      },
      {
        "Item1": 13,
        "Item2": 88
      },
      {
        "Item1": 46,
        "Item2": 1
      },
      {
        "Item1": 23,
        "Item2": 34
      },
      {
        "Item1": 64,
        "Item2": 29
      }
    ],
    "answer": 2113
  },
  {
    "dice": [
      {
        "Item1": 34,
        "Item2": 21
      },
      {
        "Item1": 29,
        "Item2": 84
      },
      {
        "Item1": 83,
        "Item2": 40
      }
    ],
    "answer": 3308
  }
]