[
  {
    "word": "mllywrdqrudixylwcrnvfzqvyffpxswtwooaeubujyetjqozycefvyphvffvnwejpbcvjkidggnhljiqvyqakdbejjfq",
    "answer": false
  },
  {
    "word": "zxmfndyzzhakebepynkccltihhsymlesiccitticciselmyshhitlccknypebekahzzydnfmxz",
    "answer": true
  },
  {
    "word": "ndfyfmvfrgqyuxceydoidpgvdppixhezblratclelbjiwibigibiwijblelctarlbzehxippdvgpdiodyecxuyqgrfvmfyfdn",
    "answer": true
  },
  {
    "word": "tlyglvwgcodsfqcnpuijahkqcpqlbjwgfugicntaeuzueatncigufgwjblqpcqkhajiupncqfsdocgwvlgylt",
    "answer": true
  },
  {
    "word": "vbv",
    "answer": true
  },
  {
    "word": "ktugidudkctdhuncnckzlytftylzkcncnuhdtckdudigutk",
    "answer": true
  },
  {
    "word": "dlklccraumzxjydzxvlefjtbdjjpakqbtboksqyfnfyqskobtbqkapjjdbtjfelvxzdyjxzmuarcclkld",
    "answer": true
  },
  {
    "word": "lkxaognhyfzsww",
    "answer": false
  },
  {
    "word": "ujluuulju",
    "answer": true
  },
  {
    "word": "bdmbvavazwegpvvpgewzavavbmdb",
    "answer": true
  },
  {
    "word": "ytnivssihdftecne",
    "answer": false
  },
  {
    "word": "gewhoytudpmpkieyugeydzdpvmhvjwoiswutwhfbvdiosedcppcdesoidvbfhwtuwsiowjvhmvpdzdyeguyeikpmpdutyohweg",
    "answer": true
  },
  {
    "word": "gaeifvmvvfhfnddaxqih",
    "answer": false
  },
  {
    "word": "vfusonnditggcjyhysufqiorisjsefvmbavrlgupomjtvmdwzfooslwbxyovlbsgtrcfleyrqkzqhg",
    "answer": false
  },
  {
    "word": "bzttyxkkubijtejenrophryuxyleozzcjmecemjczzoelyxuyrhpornejetjibukkxyttzb",
    "answer": true
  },
  {
    "word": "wrwtekjmjketwrw",
    "answer": true
  },
  {
    "word": "vyainlujvjasrfzqmlfgdjzfwiwjusmlbimb",
    "answer": false
  },
  {
    "word": "stbepzhnnxylgzfuzlttvulsikwyoordzwcrkecjejlmveiqpiulgfjjdcrnwytswfjvmmhwxmat",
    "answer": false
  },
  {
    "word": "uwutrykabvesbhojeejohbsevbakyrtuwu",
    "answer": true
  },
  {
    "word": "ebhjqxdnwfpwszxueuxzswpfwndxqjhbe",
    "answer": true
  },
  {
    "word": "iwsnfytxldlitgixwsjpbsgjusjrwanwdevdtvsqedgaqzzwycgmke",
    "answer": false
  },
  {
    "word": "tt",
    "answer": true
  },
  {
    "word": "rwcimuyiphvquwfqhzsybmknzzttzznkmbyszhqfwuqvhpiyumicwr",
    "answer": true
  },
  {
    "word": "cc",
    "answer": true
  },
  {
    "word": "faltpgnmdyaexoclxsouqebcxsipkgghnwgmge",
    "answer": false
  }
]