[
  {
    "number": 16413,
    "answer": 3
  },
  {
    "number": 13839,
    "answer": 3
  },
  {
    "number": 114,
    "answer": 2
  },
  {
    "number": 13381,
    "answer": 13381
  },
  {
    "number": 33014,
    "answer": 2
  },
  {
    "number": 7636,
    "answer": 2
  },
  {
    "number": 40592,
    "answer": 2
  },
  {
    "number": 81823,
    "answer": 7
  },
  {
    "number": 36808,
    "answer": 2
  },
  {
    "number": 42230,
    "answer": 2
  },
  {
    "number": 1519,
    "answer": 7
  },
  {
    "number": 3394,
    "answer": 2
  },
  {
    "number": 14117,
    "answer": 19
  },
  {
    "number": 84427,
    "answer": 7
  },
  {
    "number": 7490,
    "answer": 2
  },
  {
    "number": 15476,
    "answer": 2
  },
  {
    "number": 9623,
    "answer": 9623
  },
  {
    "number": 3209,
    "answer": 3209
  },
  {
    "number": 485,
    "answer": 5
  },
  {
    "number": 8167,
    "answer": 8167
  },
  {
    "number": 25062,
    "answer": 2
  },
  {
    "number": 4689,
    "answer": 3
  },
  {
    "number": 268,
    "answer": 2
  },
  {
    "number": 9637,
    "answer": 23
  },
  {
    "number": 98204,
    "answer": 2
  }
]